Year,Make,Model,Price,Miles,Rating,Source
2021,Jeep,Wrangler,38900,37017,N/A,Source.CARFAX
2020,Hyundai,Elantra,14500,54221,N/A,Source.CARFAX
2021,Hyundai,Kona,17995,47367,N/A,Source.CARFAX
2020,Chevrolet,Equinox,17466,77866,N/A,Source.CARFAX
2020,Ford,F-150,25787,74100,N/A,Source.CARFAX
2024,BMW,X3,46500,4213,N/A,Source.CARFAX
2022,Ford,Bronco Sport,22490,47286,N/A,Source.CARFAX
2024,Hyundai,Venue,21900,4576,N/A,Source.CARFAX
2020,Ford,F-150,27900,102154,N/A,Source.CARFAX
2024,Nissan,Rogue,34998,1537,N/A,Source.CARFAX
2020,Nissan,Pathfinder,19200,73512,N/A,Source.CARFAX
2023,GMC,Canyon,49983,6309,N/A,Source.CARFAX
2023,Chevrolet,Equinox,29000,7258,N/A,Source.CARFAX
2023,Kia,Sorento,27995,2254,N/A,Source.CARFAX
2021,Chevrolet,Colorado,32740,15332,N/A,Source.CARFAX
2021,Jeep,Grand Cherokee,22995,70505,N/A,Source.CARFAX
2021,Audi,SQ5,30967,113357,N/A,Source.CARFAX
2022,Toyota,Corolla Cross,24795,16810,N/A,Source.CARFAX
2021,Toyota,Venza,32904,22632,N/A,Source.CARFAX
2021,Volkswagen,Tiguan,15993,71980,N/A,Source.CARFAX
2023,Nissan,Altima,24725,5891,N/A,Source.CARFAX
2024,Kia,K5,32488,18433,N/A,Source.CARFAX
2020,Mazda,CX-5,18421,61078,N/A,Source.CARFAX
2020,Buick,Encore,14500,76497,N/A,Source.CARFAX
2020,Jeep,Renegade,13750,80914,N/A,Source.CARFAX
2023,Chevrolet,TrailBlazer,25761,5201,N/A,Source.CARFAX
2021,Volkswagen,Atlas,21555,53964,N/A,Source.CARFAX
2021,Ram,1500,21998,131448,N/A,Source.CARFAX
2022,Nissan,Frontier,33129,36034,N/A,Source.CARFAX
2023,Mazda,CX-5,30497,12609,N/A,Source.CARFAX
2021,Ram,1500,38911,49453,N/A,Source.CARFAX
2020,Nissan,Rogue,17490,61041,N/A,Source.CARFAX
2023,Mazda,CX-30,24298,18139,N/A,Source.CARFAX
2023,GMC,Terrain,29244,18002,N/A,Source.CARFAX
2023,Land Rover,Range Rover Evoque,40130,13619,N/A,Source.CARFAX
2023,Kia,Sportage,29260,32870,N/A,Source.CARFAX
2022,Jeep,Grand Cherokee L,36300,17717,N/A,Source.CARFAX
2023,Ford,Bronco Sport,34760,15845,N/A,Source.CARFAX
2021,Ford,Explorer,30577,33925,N/A,Source.CARFAX
2022,Subaru,Outback,25555,29423,N/A,Source.CARFAX
2024,Buick,Encore GX,24712,15462,N/A,Source.CARFAX
2021,Jeep,Compass,18400,59170,N/A,Source.CARFAX
2020,Nissan,Rogue,18898,40175,N/A,Source.CARFAX
2022,Kia,Forte,20539,34626,N/A,Source.CARFAX
2022,Nissan,Frontier,35489,12222,N/A,Source.CARFAX
2020,Honda,Fit,16656,34164,N/A,Source.CARFAX
2022,Ford,F-150,43497,31611,N/A,Source.CARFAX
2020,Nissan,Rogue,16398,60630,N/A,Source.CARFAX
2023,Hyundai,Kona,23995,10321,N/A,Source.CARFAX
2021,Nissan,Rogue,21042,65239,N/A,Source.CARFAX
2021,Mazda,CX-5,22989,30295,N/A,Source.CARFAX
2021,Cadillac,XT5,28998,26498,N/A,Source.CARFAX
2021,Nissan,Rogue,21042,65239,N/A,Source.CARFAX
2021,Ford,EcoSport,15987,57049,N/A,Source.CARFAX
2021,Ford,Bronco,38281,42108,N/A,Source.CARFAX
2020,GMC,Terrain,21698,61826,N/A,Source.CARFAX
2021,Lexus,NX,28000,36878,N/A,Source.CARFAX
2021,Subaru,Outback,23955,64478,N/A,Source.CARFAX
2024,Kia,K5,29150,8782,N/A,Source.CARFAX
2020,Kia,Optima,12244,143553,N/A,Source.CARFAX
2020,Chevrolet,Equinox,17312,70128,N/A,Source.CARFAX
2022,Dodge,Challenger,47085,11677,N/A,Source.CARFAX
2021,Kia,Forte,14345,74266,N/A,Source.CARFAX
2022,Dodge,Challenger,38995,31834,N/A,Source.CARFAX
2023,Chevrolet,TrailBlazer,25998,3200,N/A,Source.CARFAX
2020,Hyundai,Elantra,14500,54221,N/A,Source.CARFAX
2021,Volvo,XC60,29656,28842,N/A,Source.CARFAX
2023,Genesis,G80,35200,52123,N/A,Source.CARFAX
2021,Kia,Forte,11499,141131,N/A,Source.CARFAX
2024,Chevrolet,TrailBlazer,26948,10008,N/A,Source.CARFAX
2021,Mazda,CX-5,18997,78004,N/A,Source.CARFAX
2020,Ford,Escape,19416,39258,N/A,Source.CARFAX
2024,Hyundai,Venue,23500,2901,N/A,Source.CARFAX
2021,Jeep,Wrangler,38900,37017,N/A,Source.CARFAX
2021,Jeep,Renegade,21766,14458,N/A,Source.CARFAX
2020,Ford,Escape,19416,39258,N/A,Source.CARFAX
2024,Mini,Cooper Countryman,34988,7017,N/A,Source.CARFAX
2020,Kia,Optima,13875,60912,N/A,Source.CARFAX
2023,Kia,Forte,19750,41222,N/A,Source.CARFAX
2023,Genesis,G80,48700,2404,N/A,Source.CARFAX
2022,Subaru,Legacy,19278,37339,N/A,Source.CARFAX
2022,Volvo,XC40,33156,12695,N/A,Source.CARFAX
2024,Ford,Mustang,30455,3089,N/A,Source.CARFAX
2020,Kia,Telluride,21704,96102,N/A,Source.CARFAX
2020,Chevrolet,Equinox,17200,53399,N/A,Source.CARFAX
2024,Volkswagen,Taos,26498,7320,N/A,Source.CARFAX
2020,Mercedes-Benz,CLA,26557,34459,N/A,Source.CARFAX
2022,Ford,F-150,42698,79816,N/A,Source.CARFAX
2021,GMC,Sierra 1500,35400,44765,N/A,Source.CARFAX
2022,Chevrolet,Silverado 1500,34984,48551,N/A,Source.CARFAX
2022,Kia,Telluride,31688,32290,N/A,Source.CARFAX
2021,Honda,Pilot,26571,66710,N/A,Source.CARFAX
2022,Chevrolet,Silverado 2500HD,35900,142507,N/A,Source.CARFAX
2021,Nissan,Murano,17994,71548,N/A,Source.CARFAX
2024,Subaru,Legacy,30998,8408,N/A,Source.CARFAX
2021,Jeep,Cherokee,17840,62694,N/A,Source.CARFAX
2022,Audi,A3,23585,43547,N/A,Source.CARFAX
2021,Ford,EcoSport,15199,28087,N/A,Source.CARFAX
2023,Kia,K5,28579,18121,N/A,Source.CARFAX
2021,Jeep,Grand Cherokee L,32900,26121,N/A,Source.CARFAX
2020,Jeep,Gladiator,29987,69778,N/A,Source.CARFAX
2023,Volkswagen,Taos,23498,14986,N/A,Source.CARFAX
2020,Acura,MDX,25000,74943,N/A,Source.CARFAX
2022,Jeep,Wagoneer,44715,64498,N/A,Source.CARFAX
2023,Honda,HR-V,24090,10487,N/A,Source.CARFAX
2023,Kia,Sportage,28977,15150,N/A,Source.CARFAX
2022,Honda,Civic,24611,20880,N/A,Source.CARFAX
2021,Volvo,S60,27400,41691,N/A,Source.CARFAX
2021,Mazda,CX-5,21572,35475,N/A,Source.CARFAX
2021,Honda,Accord,22351,39053,N/A,Source.CARFAX
2022,Cadillac,CT4,29800,10958,N/A,Source.CARFAX
2022,Ford,Escape,25620,24435,N/A,Source.CARFAX
2024,Jeep,Grand Cherokee L,43131,3295,N/A,Source.CARFAX
2022,Buick,Encore GX,24388,7009,N/A,Source.CARFAX
2022,Nissan,Sentra,21176,10314,N/A,Source.CARFAX
2023,Kia,Seltos,24663,16800,N/A,Source.CARFAX
2022,Ford,Edge,26293,40146,N/A,Source.CARFAX
2020,Alfa Romeo,Stelvio,24295,49844,N/A,Source.CARFAX
2022,BMW,3 Series,29987,35959,N/A,Source.CARFAX
2022,Dodge,Durango,33568,22128,N/A,Source.CARFAX
2022,Toyota,RAV4,38956,10175,N/A,Source.CARFAX
2022,Volkswagen,Taos,25617,14007,N/A,Source.CARFAX
2021,Ram,1500,42000,15846,N/A,Source.CARFAX
2021,Audi,A4,27999,37132,N/A,Source.CARFAX
2023,Honda,Accord,33994,8072,N/A,Source.CARFAX
2023,Honda,Accord,33994,8072,N/A,Source.CARFAX
2022,Volkswagen,Taos,25617,14007,N/A,Source.CARFAX
2021,Ram,1500,42000,15846,N/A,Source.CARFAX
2021,Ford,Edge,18796,101230,N/A,Source.CARFAX
2024,Subaru,Crosstrek,29560,5079,N/A,Source.CARFAX
2021,Ford,F-150,33713,42191,N/A,Source.CARFAX
2024,Toyota,Corolla,23999,1432,N/A,Source.CARFAX
2020,Infiniti,QX60,25444,41508,N/A,Source.CARFAX
2020,Jeep,Wrangler,39777,46640,N/A,Source.CARFAX
2020,Buick,Encore,16700,73926,N/A,Source.CARFAX
2021,Nissan,Kicks,18986,34283,N/A,Source.CARFAX
2022,Subaru,Legacy,21822,41771,N/A,Source.CARFAX
2023,Dodge,Durango,44900,4304,N/A,Source.CARFAX
2023,Volkswagen,Taos,25000,9016,N/A,Source.CARFAX
2021,Toyota,Highlander,37435,17421,N/A,Source.CARFAX
2021,Hyundai,Palisade,34202,61123,N/A,Source.CARFAX
2022,Mazda,Mazda3,19995,24474,N/A,Source.CARFAX
2022,Toyota,RAV4,29500,28941,N/A,Source.CARFAX
2023,Nissan,Ariya,34320,26866,N/A,Source.CARFAX
2022,Jeep,Gladiator,43000,11408,N/A,Source.CARFAX
2022,Kia,Sportage,18389,42481,N/A,Source.CARFAX
2021,Dodge,Durango,28500,41549,N/A,Source.CARFAX
2021,Ford,F-150,24800,136000,N/A,Source.CARFAX
2022,Ford,Escape,25620,16024,N/A,Source.CARFAX
2023,Dodge,Challenger,46700,3929,N/A,Source.CARFAX
2022,Ford,Escape,25620,16024,N/A,Source.CARFAX
2022,Kia,Sportage,17755,25959,N/A,Source.CARFAX
2021,Ram,1500,26800,32786,N/A,Source.CARFAX
2020,Chevrolet,Equinox,15350,103988,N/A,Source.CARFAX
2023,Jeep,Gladiator,44500,6959,N/A,Source.CARFAX
2021,Lexus,UX,27313,40998,N/A,Source.CARFAX
2022,Hyundai,Elantra,18900,20003,N/A,Source.CARFAX
2020,Ford,Explorer,19800,91397,N/A,Source.CARFAX
2022,Hyundai,Elantra,18702,20823,N/A,Source.CARFAX
2023,Dodge,Challenger,46700,3929,N/A,Source.CARFAX
2024,Kia,Soul,20709,2155,N/A,Source.CARFAX
2022,Nissan,Pathfinder,35015,16824,N/A,Source.CARFAX
2022,Kia,Forte,18999,38688,N/A,Source.CARFAX
2023,Hyundai,Santa Fe,29350,9636,N/A,Source.CARFAX
2022,Dodge,Durango,34987,46474,N/A,Source.CARFAX
2022,Toyota,Corolla,20800,37573,N/A,Source.CARFAX
2020,Mercedes-Benz,C-Class,25027,47049,N/A,Source.CARFAX
2022,Toyota,Tundra,42800,47055,N/A,Source.CARFAX
2020,Kia,Sportage,13995,97947,N/A,Source.CARFAX
2023,BMW,2 Series,30595,18406,N/A,Source.CARFAX
2021,Chevrolet,Silverado 1500,29700,146705,N/A,Source.CARFAX
2020,Acura,MDX,24999,62561,N/A,Source.CARFAX
2021,Toyota,Camry,24286,54532,N/A,Source.CARFAX
2023,Mitsubishi,Outlander,35221,9431,N/A,Source.CARFAX
2023,Honda,Odyssey,45598,16389,N/A,Source.CARFAX
2023,Subaru,Outback,31955,30271,N/A,Source.CARFAX
2020,Subaru,Forester,20955,58051,N/A,Source.CARFAX
2022,Hyundai,Kona,19700,40989,N/A,Source.CARFAX
2022,Jeep,Compass,22800,21970,N/A,Source.CARFAX
2023,Mercedes-Benz,GLA,33527,25514,N/A,Source.CARFAX
2021,Hyundai,Sonata,21900,58686,N/A,Source.CARFAX
2023,Hyundai,Palisade,43700,15634,N/A,Source.CARFAX
2023,Chevrolet,Colorado,31900,29107,N/A,Source.CARFAX
2023,Volkswagen,Tiguan,28998,19575,N/A,Source.CARFAX
2023,Volkswagen,Atlas,31898,10481,N/A,Source.CARFAX
2023,Nissan,Frontier,31381,20084,N/A,Source.CARFAX
2024,Jeep,Grand Cherokee L,43999,8208,N/A,Source.CARFAX
2020,Subaru,Outback,20396,137849,N/A,Source.CARFAX
2023,Honda,Accord,33900,9605,N/A,Source.CARFAX
2024,Hyundai,Palisade,44700,9950,N/A,Source.CARFAX
2023,Volkswagen,Atlas,31489,12517,N/A,Source.CARFAX
2021,Nissan,Titan,32980,21851,N/A,Source.CARFAX
2021,Jeep,Grand Cherokee,25188,67568,N/A,Source.CARFAX
2021,Nissan,Rogue,20600,51917,N/A,Source.CARFAX
2024,Hyundai,Santa Cruz,34673,3239,N/A,Source.CARFAX
2021,Mazda,CX-5,25500,27085,N/A,Source.CARFAX
2022,Ford,Maverick,27637,16962,N/A,Source.CARFAX
2023,Hyundai,Elantra,23900,10392,N/A,Source.CARFAX
2023,Volkswagen,Atlas,32389,14414,N/A,Source.CARFAX
2023,Ford,Bronco Sport,33740,10488,N/A,Source.CARFAX
2021,Ford,Bronco Sport,25200,38601,N/A,Source.CARFAX
2021,Nissan,Sentra,18988,32285,N/A,Source.CARFAX
2024,Kia,Seltos,26597,5320,N/A,Source.CARFAX
2020,Ford,Ranger,24953,63891,N/A,Source.CARFAX
2023,Kia,Sorento,28481,18101,N/A,Source.CARFAX
2020,Ford,Escape,14997,98930,N/A,Source.CARFAX
2021,Dodge,Charger,41700,27558,N/A,Source.CARFAX
2021,BMW,X2,27989,24787,N/A,Source.CARFAX
2021,Volkswagen,GTI,19798,77459,N/A,Source.CARFAX
2020,Ford,F-150,23485,115598,N/A,Source.CARFAX
2020,Chevrolet,Silverado 2500HD,27900,102537,N/A,Source.CARFAX
2022,Ram,1500,27993,48336,N/A,Source.CARFAX
2022,Ford,Transit Connect,23764,92707,N/A,Source.CARFAX
2023,Chevrolet,Colorado,40988,13400,N/A,Source.CARFAX
2022,Ford,F-150,41500,76580,N/A,Source.CARFAX
2021,Hyundai,Kona,17995,47367,N/A,Source.CARFAX
2020,Dodge,Grand Caravan,17910,73771,N/A,Source.CARFAX
2020,Kia,Sorento,17795,70847,N/A,Source.CARFAX
2021,Chevrolet,Silverado 2500HD,29900,97250,N/A,Source.CARFAX
2022,Volvo,XC90,47495,40058,N/A,Source.CARFAX
2022,Ford,F-150,48676,68765,N/A,Source.CARFAX
2023,Nissan,Maxima,33250,18368,N/A,Source.CARFAX
2023,Toyota,Corolla,22286,14143,N/A,Source.CARFAX
2022,Volvo,XC60,27949,60579,N/A,Source.CARFAX
2021,Mazda,CX-30,21996,35612,N/A,Source.CARFAX
2022,Volvo,XC60,27949,60579,N/A,Source.CARFAX
2021,Mazda,CX-30,21996,35612,N/A,Source.CARFAX
2024,Kia,K5,29288,10810,N/A,Source.CARFAX
2020,Audi,A5,31900,18693,N/A,Source.CARFAX
2023,Jeep,Gladiator,42950,10662,N/A,Source.CARFAX
2021,Nissan,Altima,22999,34611,N/A,Source.CARFAX
2020,Nissan,Altima,15979,82283,N/A,Source.CARFAX
2021,Ford,F-150,21914,113033,N/A,Source.CARFAX
2023,Subaru,Outback,35000,11668,N/A,Source.CARFAX
2021,Nissan,Frontier,20995,13636,N/A,Source.CARFAX
2021,Ford,Ranger,33998,20850,N/A,Source.CARFAX
2022,Ford,F-150,45425,14601,N/A,Source.CARFAX
2021,Ram,1500,27445,28336,N/A,Source.CARFAX
2023,Toyota,4Runner,38399,16153,N/A,Source.CARFAX
2020,Nissan,Murano,19900,76934,N/A,Source.CARFAX
2021,Jeep,Compass,17799,57989,N/A,Source.CARFAX
2020,Ford,Escape,17440,60494,N/A,Source.CARFAX
2024,Subaru,Outback,34200,47185,N/A,Source.CARFAX
2023,Subaru,Crosstrek,30000,12883,N/A,Source.CARFAX
2020,Chevrolet,Blazer,15995,115967,N/A,Source.CARFAX
2020,Mitsubishi,Outlander,16000,83992,N/A,Source.CARFAX
2024,Subaru,Crosstrek,32955,4286,N/A,Source.CARFAX
2020,Ford,Escape,19160,54046,N/A,Source.CARFAX
2021,Honda,HR-V,19200,61060,N/A,Source.CARFAX
2022,Toyota,Tundra,42299,24259,N/A,Source.CARFAX
2021,Lexus,GX,40997,64274,N/A,Source.CARFAX
2021,Honda,CR-V,28879,30876,N/A,Source.CARFAX
2021,Ford,Explorer,23547,85220,N/A,Source.CARFAX
2021,Honda,HR-V,19200,61060,N/A,Source.CARFAX
2020,Ford,Escape,19160,54046,N/A,Source.CARFAX
2022,Kia,Sorento,28565,55148,N/A,Source.CARFAX
2022,Toyota,Tundra,42299,24259,N/A,Source.CARFAX
2020,Cadillac,XT4,25498,18443,N/A,Source.CARFAX
2021,Mazda,CX-9,28497,37083,N/A,Source.CARFAX
2021,Ram,1500,30500,44874,N/A,Source.CARFAX
2023,Nissan,Altima,25143,7067,N/A,Source.CARFAX
2021,Ford,Explorer,27997,35035,N/A,Source.CARFAX
2021,Alfa Romeo,Stelvio,21523,72332,N/A,Source.CARFAX
2022,Nissan,Sentra,17979,69912,N/A,Source.CARFAX
2022,Toyota,Camry,26990,30375,N/A,Source.CARFAX
2023,Volkswagen,Tiguan,24990,9428,N/A,Source.CARFAX
2022,Hyundai,Tucson,20900,64031,N/A,Source.CARFAX
2020,Jeep,Gladiator,37513,54697,N/A,Source.CARFAX
2023,Hyundai,Palisade,38100,15618,N/A,Source.CARFAX
2023,Nissan,Frontier,37351,13232,N/A,Source.CARFAX
2021,Jeep,Wrangler,39000,26160,N/A,Source.CARFAX
2022,Nissan,Frontier,31300,10930,N/A,Source.CARFAX
2023,Volkswagen,Tiguan,26468,13304,N/A,Source.CARFAX
2024,Kia,Carnival,44038,6039,N/A,Source.CARFAX
2021,Ram,1500,39389,23120,N/A,Source.CARFAX
2023,Honda,Accord,29990,17151,N/A,Source.CARFAX
2024,Kia,Carnival,44038,6039,N/A,Source.CARFAX
2021,Ram,1500,33200,50679,N/A,Source.CARFAX
2022,Honda,Pilot,35990,30993,N/A,Source.CARFAX
2021,Mazda,CX-9,25975,42148,N/A,Source.CARFAX
2022,Nissan,Pathfinder,30250,32795,N/A,Source.CARFAX
2020,Infiniti,Q50,24829,30323,N/A,Source.CARFAX
2020,Volkswagen,Passat,14292,78052,N/A,Source.CARFAX
2020,Volvo,XC60,24895,31732,N/A,Source.CARFAX
2020,Hyundai,Tucson,14865,60050,N/A,Source.CARFAX
2022,Mercedes-Benz,GLE,44789,41220,N/A,Source.CARFAX
2021,Volvo,XC60,26400,45974,N/A,Source.CARFAX
2023,Audi,Q5,39995,39182,N/A,Source.CARFAX
2020,Chevrolet,Equinox,17490,72389,N/A,Source.CARFAX
2022,Infiniti,QX50,28500,47505,N/A,Source.CARFAX
2022,Honda,Accord,26297,26586,N/A,Source.CARFAX
2020,Jeep,Cherokee,19232,56589,N/A,Source.CARFAX
2020,Lexus,ES,31996,44593,N/A,Source.CARFAX
2022,Kia,Sorento,25988,49159,N/A,Source.CARFAX
2023,Alfa Romeo,Stelvio,32162,42094,N/A,Source.CARFAX
2022,Chevrolet,TrailBlazer,17405,53789,N/A,Source.CARFAX
2023,Hyundai,Palisade,39273,30996,N/A,Source.CARFAX
2021,Jeep,Cherokee,24996,28664,N/A,Source.CARFAX
2020,Subaru,Crosstrek,25500,21060,N/A,Source.CARFAX
2021,Jeep,Grand Cherokee,27680,40024,N/A,Source.CARFAX
2022,Honda,Civic,24888,17133,N/A,Source.CARFAX
2021,Chevrolet,Silverado 2500HD,28900,110734,N/A,Source.CARFAX
2021,Nissan,Altima,20974,12756,N/A,Source.CARFAX
2020,Ford,F-250,34995,50264,N/A,Source.CARFAX
2020,Subaru,Ascent,19677,103589,N/A,Source.CARFAX
2022,Ford,Bronco,42300,25380,N/A,Source.CARFAX
2021,Subaru,WRX,38077,16707,N/A,Source.CARFAX
2024,Mazda,CX-5,35491,8215,N/A,Source.CARFAX
2020,Nissan,Kicks,15477,67359,N/A,Source.CARFAX
2023,Kia,K5,27900,37692,N/A,Source.CARFAX
2021,Ford,Explorer,30500,36336,N/A,Source.CARFAX
2023,Nissan,Rogue,30999,14795,N/A,Source.CARFAX
2021,Nissan,Sentra,16471,63190,N/A,Source.CARFAX
2020,Subaru,Outback,20995,92839,N/A,Source.CARFAX
2023,Buick,Envision,38988,6509,N/A,Source.CARFAX
2021,Ford,Explorer,31051,29381,N/A,Source.CARFAX
2024,Hyundai,Santa Cruz,36175,16441,N/A,Source.CARFAX
2020,Kia,Sorento,15995,99974,N/A,Source.CARFAX
2023,Honda,CR-V,31500,6931,N/A,Source.CARFAX
2023,Subaru,Impreza,24555,8578,N/A,Source.CARFAX
2020,Volkswagen,Jetta,11998,168410,N/A,Source.CARFAX
2021,Nissan,Altima,16995,68182,N/A,Source.CARFAX
2022,Ford,F-150,39215,35405,N/A,Source.CARFAX
2023,Jeep,Gladiator,43599,8132,N/A,Source.CARFAX
2021,Honda,HR-V,20000,35924,N/A,Source.CARFAX
2023,Volkswagen,Taos,23997,6455,N/A,Source.CARFAX
2023,Volkswagen,Taos,25749,3002,N/A,Source.CARFAX
2022,Ford,Bronco Sport,27950,17301,N/A,Source.CARFAX
2021,Jeep,Grand Cherokee L,28000,78926,N/A,Source.CARFAX
2020,Toyota,RAV4,26997,10453,N/A,Source.CARFAX
2023,Ford,Bronco,40539,4032,N/A,Source.CARFAX
2022,Toyota,4Runner,41900,32686,N/A,Source.CARFAX
2023,Volkswagen,Tiguan,25514,11354,N/A,Source.CARFAX
2020,Ford,Edge,24948,48821,N/A,Source.CARFAX
2023,Jeep,Gladiator,43599,8132,N/A,Source.CARFAX
2023,Chevrolet,Colorado,34164,9735,N/A,Source.CARFAX
2023,Nissan,Frontier,37250,14174,N/A,Source.CARFAX
2022,Ford,F-150,39215,35405,N/A,Source.CARFAX
2020,Ford,Escape,20990,4580,N/A,Source.CARFAX
2023,Kia,Seltos,21630,19405,N/A,Source.CARFAX
2021,Honda,HR-V,20000,35924,N/A,Source.CARFAX
2020,Kia,Telluride,21948,106419,N/A,Source.CARFAX
2021,Nissan,Rogue,23300,13136,N/A,Source.CARFAX
2020,Ford,Escape,18891,53915,N/A,Source.CARFAX
2022,Kia,Telluride,38987,22171,N/A,Source.CARFAX
2020,Mercedes-Benz,C-Class,29574,23010,N/A,Source.CARFAX
2020,Ford,Expedition MAX,34449,57041,N/A,Source.CARFAX
2020,Chevrolet,Equinox,16935,41817,N/A,Source.CARFAX
2022,Nissan,Pathfinder,24035,96117,N/A,Source.CARFAX
2020,Honda,Civic,19480,26031,N/A,Source.CARFAX
2023,Mazda,CX-30,23002,26416,N/A,Source.CARFAX
2023,Volkswagen,Tiguan,27398,11552,N/A,Source.CARFAX
2023,Volkswagen,Tiguan,26482,13085,N/A,Source.CARFAX
2020,Kia,Forte,13997,81832,N/A,Source.CARFAX
2024,Ford,Mustang,41890,3027,N/A,Source.CARFAX
2020,Ford,Mustang,22777,53449,N/A,Source.CARFAX
2021,Mazda,CX-5,19997,67775,N/A,Source.CARFAX
2023,Toyota,Tacoma,39688,9629,N/A,Source.CARFAX
2022,Nissan,Pathfinder,24035,96117,N/A,Source.CARFAX
2020,Honda,Civic,19480,26031,N/A,Source.CARFAX
2023,Chevrolet,Silverado 1500,42900,44072,N/A,Source.CARFAX
2023,Volkswagen,Tiguan,24371,2253,N/A,Source.CARFAX
2024,Mazda,CX-90,45293,2299,N/A,Source.CARFAX
2021,Volkswagen,Tiguan,18747,60137,N/A,Source.CARFAX
2021,Chevrolet,Silverado 1500,38756,63049,N/A,Source.CARFAX
2020,Kia,Soul,16442,22668,N/A,Source.CARFAX
2023,Volkswagen,Tiguan,26650,11132,N/A,Source.CARFAX
2023,Volkswagen,Tiguan,30989,12584,N/A,Source.CARFAX
2021,Jeep,Grand Cherokee,26496,71117,N/A,Source.CARFAX
2021,Dodge,Challenger,40989,14556,N/A,Source.CARFAX
2023,Volkswagen,Jetta,23489,5083,N/A,Source.CARFAX
2023,Hyundai,Palisade,38300,19325,N/A,Source.CARFAX
2020,Jeep,Gladiator,28998,66835,N/A,Source.CARFAX
2021,Toyota,Avalon,25700,61698,N/A,Source.CARFAX
2023,Hyundai,Palisade,40400,23845,N/A,Source.CARFAX
2023,Kia,Telluride,36990,40232,N/A,Source.CARFAX
2022,Toyota,RAV4,33592,2677,N/A,Source.CARFAX
2022,Ford,F-150,43361,48108,N/A,Source.CARFAX
2023,Chevrolet,Camaro,28000,23122,N/A,Source.CARFAX
2022,Jeep,Compass,23495,6942,N/A,Source.CARFAX
2022,Jeep,Grand Cherokee,33785,58935,N/A,Source.CARFAX
2021,Chevrolet,Malibu,14900,9638,N/A,Source.CARFAX
2021,Honda,CR-V,25193,18972,N/A,Source.CARFAX
2022,Ford,Explorer,27998,58016,N/A,Source.CARFAX
2022,Toyota,RAV4,25948,46186,N/A,Source.CARFAX
2023,Volkswagen,Atlas,29969,29087,N/A,Source.CARFAX
2022,Hyundai,Palisade,33900,56546,N/A,Source.CARFAX
2024,Mazda,CX-5,31056,6240,N/A,Source.CARFAX
2021,Nissan,Altima,17992,112594,N/A,Source.CARFAX
2021,Nissan,Rogue,17999,118223,N/A,Source.CARFAX
2021,Jeep,Gladiator,31988,44222,N/A,Source.CARFAX
2024,Mazda,CX-30,27997,3580,N/A,Source.CARFAX
2023,Toyota,RAV4,39205,17699,N/A,Source.CARFAX
2023,Hyundai,Santa Fe,35925,21455,N/A,Source.CARFAX
2020,Toyota,Corolla,17999,51784,N/A,Source.CARFAX
2020,Jeep,Cherokee,23400,22670,N/A,Source.CARFAX
2024,Hyundai,Kona,21996,5459,N/A,Source.CARFAX
2023,Nissan,Frontier,36883,9734,N/A,Source.CARFAX
2023,Ford,F-150,44584,37477,N/A,Source.CARFAX
2024,Hyundai,Tucson,26800,5184,N/A,Source.CARFAX
2021,Acura,TLX,30884,57157,N/A,Source.CARFAX
2023,Audi,Q7,45488,46326,N/A,Source.CARFAX
2021,Jeep,Wrangler,34990,75501,N/A,Source.CARFAX
2021,Chevrolet,Silverado 1500,34085,92815,N/A,Source.CARFAX
2021,Volvo,XC60,32424,30736,N/A,Source.CARFAX
2020,Lexus,RX,33488,49756,N/A,Source.CARFAX
2022,Volvo,XC90,39495,44186,N/A,Source.CARFAX
2023,Ford,F-150,44584,37477,N/A,Source.CARFAX
2021,Ford,F-150,39800,31490,N/A,Source.CARFAX
2021,Subaru,Forester,27000,34894,N/A,Source.CARFAX
2024,Hyundai,Tucson,26800,5184,N/A,Source.CARFAX
2021,Hyundai,Santa Fe,19988,50462,N/A,Source.CARFAX
2023,Nissan,Altima,23990,36480,N/A,Source.CARFAX
2023,Nissan,Frontier,36883,9734,N/A,Source.CARFAX
2021,Volvo,XC90,34870,20052,N/A,Source.CARFAX
2024,Hyundai,Kona,21996,5459,N/A,Source.CARFAX
2021,Lincoln,Navigator,39832,135275,N/A,Source.CARFAX
2020,Jeep,Cherokee,23400,22670,N/A,Source.CARFAX
2020,Volkswagen,Tiguan,18500,83903,N/A,Source.CARFAX
2021,Subaru,Forester,23990,59218,N/A,Source.CARFAX
2024,Toyota,RAV4,31250,3459,N/A,Source.CARFAX
2022,Toyota,Camry,21499,52202,N/A,Source.CARFAX
2022,Ford,Explorer,33540,26164,N/A,Source.CARFAX
2022,Jeep,Grand Cherokee,39442,20011,N/A,Source.CARFAX
2020,GMC,Sierra 1500,46521,42555,N/A,Source.CARFAX
2022,Ford,Explorer,33540,26164,N/A,Source.CARFAX
2020,Volkswagen,Tiguan,18500,83903,N/A,Source.CARFAX
2021,Lincoln,Navigator,39832,135275,N/A,Source.CARFAX
2024,Hyundai,Tucson,26800,5184,N/A,Source.CARFAX
2021,Mazda,CX-5,24252,33542,N/A,Source.CARFAX
2021,Ford,Explorer,28361,33473,N/A,Source.CARFAX
2021,Ford,F-150,40203,35574,N/A,Source.CARFAX
2021,Nissan,Murano,21350,63012,N/A,Source.CARFAX
2023,Kia,Forte,16555,61945,N/A,Source.CARFAX
2022,Nissan,Frontier,38497,18183,N/A,Source.CARFAX
2023,Dodge,Charger,37149,1759,N/A,Source.CARFAX
2023,Jeep,Gladiator,46298,5962,N/A,Source.CARFAX
2023,Hyundai,Santa Fe,33800,13104,N/A,Source.CARFAX
2023,Ford,Maverick,34896,11075,N/A,Source.CARFAX
2024,Subaru,Crosstrek,27955,11659,N/A,Source.CARFAX
2021,Ram,1500,31685,51996,N/A,Source.CARFAX
2021,GMC,Acadia,34995,30139,N/A,Source.CARFAX
2022,Ford,Escape,24974,19276,N/A,Source.CARFAX
2021,Dodge,Challenger,24995,43131,N/A,Source.CARFAX
2022,Genesis,GV70,41737,48345,N/A,Source.CARFAX
2022,Nissan,Altima,19667,37162,N/A,Source.CARFAX
2022,Volvo,S90,38878,19299,N/A,Source.CARFAX
2020,Ford,F-150,44597,27688,N/A,Source.CARFAX
2023,BMW,X5,45995,46164,N/A,Source.CARFAX
2021,Jeep,Cherokee,14800,123000,N/A,Source.CARFAX
2023,BMW,X5,45995,46164,N/A,Source.CARFAX
2021,Honda,Passport,26495,53075,N/A,Source.CARFAX
2020,Audi,A3,21000,58074,N/A,Source.CARFAX
2021,Nissan,Frontier,22888,21398,N/A,Source.CARFAX
2020,Honda,Passport,21984,74313,N/A,Source.CARFAX
2020,Kia,Sorento,18588,91794,N/A,Source.CARFAX
2022,Ford,Edge,20250,52898,N/A,Source.CARFAX
2021,Ford,Bronco Sport,21500,61223,N/A,Source.CARFAX
2023,Mazda,CX-30,22989,30088,N/A,Source.CARFAX
2023,Jeep,Gladiator,36675,36203,N/A,Source.CARFAX
2020,Ford,F-150,23800,191000,N/A,Source.CARFAX
2022,Toyota,Tacoma,35583,41475,N/A,Source.CARFAX
2020,Chevrolet,Equinox,18500,51774,N/A,Source.CARFAX
2020,Nissan,Kicks,16777,50748,N/A,Source.CARFAX
2022,Mitsubishi,Outlander,17997,98741,N/A,Source.CARFAX
2022,Chevrolet,Equinox,17995,73373,N/A,Source.CARFAX
2020,Ram,1500,22500,92910,N/A,Source.CARFAX
2022,Toyota,Corolla,17990,72780,N/A,Source.CARFAX
2021,Audi,A4,32900,16009,N/A,Source.CARFAX
2023,Jeep,Grand Cherokee L,35464,17721,N/A,Source.CARFAX
2020,Nissan,Altima,11965,142872,N/A,Source.CARFAX
2021,Cadillac,CT5,32900,27193,N/A,Source.CARFAX
2022,Buick,Encore GX,19998,7310,N/A,Source.CARFAX
2023,Nissan,Altima,23459,26480,N/A,Source.CARFAX
2020,BMW,3 Series,25755,34648,N/A,Source.CARFAX
2023,Hyundai,Palisade,39500,18666,N/A,Source.CARFAX
2023,Mitsubishi,Outlander,29784,19034,N/A,Source.CARFAX
2022,Dodge,Challenger,43994,2575,N/A,Source.CARFAX
2020,Subaru,Outback,20995,74608,N/A,Source.CARFAX
2023,Jeep,Gladiator,43888,17054,N/A,Source.CARFAX
2023,Toyota,Corolla,24998,13165,N/A,Source.CARFAX
2022,Nissan,Titan,32840,4353,N/A,Source.CARFAX
2023,Kia,Sorento,29614,6073,N/A,Source.CARFAX
2021,Hyundai,Venue,13985,49781,N/A,Source.CARFAX
2020,Ford,Escape,16655,54679,N/A,Source.CARFAX
2020,Nissan,Titan,30700,63707,N/A,Source.CARFAX
2021,Subaru,Forester,23087,65768,N/A,Source.CARFAX
2020,Lincoln,Nautilus,24500,68599,N/A,Source.CARFAX
2023,Nissan,Rogue,31276,10410,N/A,Source.CARFAX
2023,GMC,Terrain,24999,41307,N/A,Source.CARFAX
2024,Hyundai,Kona,24900,15,N/A,Source.CARFAX
2021,Chevrolet,Colorado,20878,62845,N/A,Source.CARFAX
2021,Subaru,Ascent,30924,31615,N/A,Source.CARFAX
2023,Nissan,Sentra,20540,20630,N/A,Source.CARFAX
2022,Ford,Explorer,37988,25853,N/A,Source.CARFAX
2021,Hyundai,Venue,17435,60765,N/A,Source.CARFAX
2021,Jaguar,F-Pace,44877,21648,N/A,Source.CARFAX
2021,Toyota,RAV4,19995,106488,N/A,Source.CARFAX
2020,Volvo,XC90,29199,68410,N/A,Source.CARFAX
2021,Dodge,Durango,37806,41370,N/A,Source.CARFAX
2021,Toyota,Highlander,38300,15026,N/A,Source.CARFAX
2021,Dodge,Durango,37806,41370,N/A,Source.CARFAX
2020,Toyota,Sienna,22995,106186,N/A,Source.CARFAX
2021,Honda,HR-V,21499,14807,N/A,Source.CARFAX
2022,Toyota,Camry,22499,44710,N/A,Source.CARFAX
2023,Nissan,Frontier,34658,25277,N/A,Source.CARFAX
2022,Ford,F-150,40599,44348,N/A,Source.CARFAX
2022,Chevrolet,Silverado 1500,49498,20421,N/A,Source.CARFAX
2021,Jeep,Grand Cherokee,18495,139267,N/A,Source.CARFAX
2020,Honda,Pilot,31390,37312,N/A,Source.CARFAX
2023,Honda,Civic,26514,18151,N/A,Source.CARFAX
2020,Mazda,CX-5,18995,109944,N/A,Source.CARFAX
2021,Honda,Odyssey,27480,54798,N/A,Source.CARFAX
2024,Kia,Telluride,37300,3835,N/A,Source.CARFAX
2024,Nissan,Sentra,20822,3966,N/A,Source.CARFAX
2020,BMW,X5,27555,102075,N/A,Source.CARFAX
2020,Hyundai,Sonata,16300,60000,N/A,Source.CARFAX
2020,Toyota,Camry,24800,43941,N/A,Source.CARFAX
2021,Ram,1500,38996,59313,N/A,Source.CARFAX
2021,Honda,HR-V,17951,55695,N/A,Source.CARFAX
2022,BMW,X5,44572,20202,N/A,Source.CARFAX
2021,Nissan,Rogue,20239,63940,N/A,Source.CARFAX
2023,Subaru,Forester,30500,13298,N/A,Source.CARFAX
2022,Hyundai,Venue,19750,29038,N/A,Source.CARFAX
2023,Ford,F-150,49999,9609,N/A,Source.CARFAX
2021,Nissan,Rogue,20239,63940,N/A,Source.CARFAX
2022,BMW,X5,44572,20202,N/A,Source.CARFAX
2022,Chevrolet,Equinox,22000,22790,N/A,Source.CARFAX
2022,Kia,Sportage,23626,18721,N/A,Source.CARFAX
2022,Ford,F-150,37512,34138,N/A,Source.CARFAX
2023,Ford,F-150,48460,3581,N/A,Source.CARFAX
2023,GMC,Canyon,39488,5529,N/A,Source.CARFAX
2023,Subaru,Forester,30500,13298,N/A,Source.CARFAX
2022,Ford,F-150,43290,32144,N/A,Source.CARFAX
2023,Jeep,Grand Cherokee,48900,20135,N/A,Source.CARFAX
2022,Ford,F-150,44960,31750,N/A,Source.CARFAX
2024,Ford,F-150,48777,809,N/A,Source.CARFAX
2024,Kia,Carnival,33997,17918,N/A,Source.CARFAX
2022,Ford,Escape,29597,5119,N/A,Source.CARFAX
2021,Acura,TLX,29224,26497,N/A,Source.CARFAX
2022,Ram,1500,31555,53479,N/A,Source.CARFAX
2021,Lexus,NX,30625,14921,N/A,Source.CARFAX
2021,Toyota,Corolla,19510,22712,N/A,Source.CARFAX
2021,Ford,Expedition MAX,43900,30592,N/A,Source.CARFAX
2022,Volkswagen,Tiguan,27141,22069,N/A,Source.CARFAX
2022,Ford,Mustang,36000,24066,N/A,Source.CARFAX
2020,Chevrolet,Silverado 2500HD,47432,7159,N/A,Source.CARFAX
2020,Honda,CR-V,21242,82726,N/A,Source.CARFAX
2023,Volkswagen,Jetta,22497,12198,N/A,Source.CARFAX
2023,Ford,F-150,49999,9609,N/A,Source.CARFAX
2020,Subaru,Forester,20899,49645,N/A,Source.CARFAX
2020,GMC,Yukon,44241,69968,N/A,Source.CARFAX
2023,Ford,Mustang Mach-E,41900,9972,N/A,Source.CARFAX
2023,Subaru,Outback,32999,23117,N/A,Source.CARFAX
2021,Kia,Soul,13613,75516,N/A,Source.CARFAX
2022,Chevrolet,Colorado,39997,17973,N/A,Source.CARFAX
2021,Ford,Expedition,35488,70325,N/A,Source.CARFAX
2022,Nissan,Rogue,29996,7101,N/A,Source.CARFAX
2021,Ram,1500,36500,25484,N/A,Source.CARFAX
2022,Ford,Edge,22263,44991,N/A,Source.CARFAX
2024,Volkswagen,Jetta,22999,3942,N/A,Source.CARFAX
2023,Nissan,Ariya,27979,3704,N/A,Source.CARFAX
2021,Volkswagen,Tiguan,23171,9786,N/A,Source.CARFAX
2020,Ford,Expedition MAX,27797,117140,N/A,Source.CARFAX
2021,Lincoln,Aviator,45300,34864,N/A,Source.CARFAX
2021,Honda,HR-V,21056,31079,N/A,Source.CARFAX
2022,Toyota,4Runner,43089,22321,N/A,Source.CARFAX
2022,Ford,Explorer,44994,20837,N/A,Source.CARFAX
2023,Ford,Mustang,38777,8982,N/A,Source.CARFAX
2021,Volvo,XC60,29483,23291,N/A,Source.CARFAX
2021,Ford,Ranger,29054,40656,N/A,Source.CARFAX
2021,Infiniti,QX80,46900,29706,N/A,Source.CARFAX
2020,Ford,F-150,33997,71503,N/A,Source.CARFAX
2023,Toyota,Corolla,25500,7020,N/A,Source.CARFAX
2021,Honda,HR-V,19899,62972,N/A,Source.CARFAX
2024,Acura,Integra,48860,2392,N/A,Source.CARFAX
2022,Jeep,Wrangler,40500,38003,N/A,Source.CARFAX
2023,Jeep,Grand Cherokee L,34000,8638,N/A,Source.CARFAX
2022,Ford,F-150,42846,31034,N/A,Source.CARFAX
2023,Jeep,Compass,25950,5456,N/A,Source.CARFAX
2023,Dodge,Charger,48000,10374,N/A,Source.CARFAX
2021,Ford,EcoSport,14325,68358,N/A,Source.CARFAX
2023,Kia,K5,28146,15674,N/A,Source.CARFAX
2022,Toyota,Tundra,43243,29971,N/A,Source.CARFAX
2023,Volkswagen,Jetta,21292,12525,N/A,Source.CARFAX
2024,Hyundai,Santa Cruz,36277,6570,N/A,Source.CARFAX
2020,Ram,1500,25950,81680,N/A,Source.CARFAX
2022,Kia,Stinger,35189,19050,N/A,Source.CARFAX
2021,Toyota,4Runner,35605,54126,N/A,Source.CARFAX
2020,Hyundai,Elantra,12999,105700,N/A,Source.CARFAX
2021,Toyota,Corolla,13995,104395,N/A,Source.CARFAX
2020,Hyundai,Elantra,14478,68856,N/A,Source.CARFAX
2021,Volkswagen,Atlas,19262,104976,N/A,Source.CARFAX
2021,Nissan,Rogue,15950,102613,N/A,Source.CARFAX
2021,Nissan,Armada,29713,65566,N/A,Source.CARFAX
2023,Toyota,RAV4,29000,29906,N/A,Source.CARFAX
2022,Ford,Expedition,39138,35383,N/A,Source.CARFAX
2021,Jeep,Compass,20400,51325,N/A,Source.CARFAX
2022,Kia,Sorento,28906,34685,N/A,Source.CARFAX
2023,Acura,TLX,49999,12244,N/A,Source.CARFAX
2023,Acura,TLX,49999,12244,N/A,Source.CARFAX
2020,Nissan,Versa,13566,44548,N/A,Source.CARFAX
2021,Jeep,Wrangler,33352,56809,N/A,Source.CARFAX
2021,Kia,Sportage,16874,68915,N/A,Source.CARFAX
2021,Ford,Mustang,33943,15500,N/A,Source.CARFAX
2023,Fisker,Ocean,29997,5482,N/A,Source.CARFAX
2023,Ford,F-150,35988,14921,N/A,Source.CARFAX
2021,Chevrolet,Traverse,28500,31186,N/A,Source.CARFAX
2023,Jeep,Grand Cherokee L,38463,10794,N/A,Source.CARFAX
2022,Jeep,Grand Cherokee,42800,10489,N/A,Source.CARFAX
2022,BMW,X3,24500,82953,N/A,Source.CARFAX
2021,Honda,Ridgeline,29003,42137,N/A,Source.CARFAX
2020,Ford,Escape,17052,73242,N/A,Source.CARFAX
2022,Subaru,WRX,34809,21129,N/A,Source.CARFAX
2022,Dodge,Charger,43371,11232,N/A,Source.CARFAX
2022,Nissan,Frontier,29215,16237,N/A,Source.CARFAX
2020,Chevrolet,Tahoe,38506,84211,N/A,Source.CARFAX
2021,Jeep,Cherokee,19899,66552,N/A,Source.CARFAX
2022,Mitsubishi,Outlander,21950,52901,N/A,Source.CARFAX
2022,Lincoln,Aviator,46513,26345,N/A,Source.CARFAX
2021,Chevrolet,Traverse,33500,39819,N/A,Source.CARFAX
2020,Mazda,CX-30,19584,45718,N/A,Source.CARFAX
2022,Nissan,Frontier,31999,31012,N/A,Source.CARFAX
2022,Nissan,Frontier,22900,49774,N/A,Source.CARFAX
2022,Jeep,Gladiator,44920,27267,N/A,Source.CARFAX
2022,Ford,Edge,23027,49988,N/A,Source.CARFAX
2021,Kia,Sorento,16396,107160,N/A,Source.CARFAX
2021,Nissan,Rogue Sport,16414,56513,N/A,Source.CARFAX
2021,Ram,1500,19981,49241,N/A,Source.CARFAX
2022,Ford,Edge,22827,48532,N/A,Source.CARFAX
2021,Jeep,Compass,19188,56363,N/A,Source.CARFAX
2021,Jeep,Compass,19165,59562,N/A,Source.CARFAX
2020,Genesis,G70,21465,65257,N/A,Source.CARFAX
2024,Nissan,Rogue,32287,575,N/A,Source.CARFAX
2022,Jeep,Wagoneer,48480,59299,N/A,Source.CARFAX
2022,Honda,Civic,24500,17573,N/A,Source.CARFAX
2021,Honda,Civic,18999,97829,N/A,Source.CARFAX
2021,Volvo,XC40,31950,24308,N/A,Source.CARFAX
2023,Volkswagen,Taos,22435,10944,N/A,Source.CARFAX
2021,Land Rover,Range Rover Evoque,34990,30474,N/A,Source.CARFAX
2021,Volvo,XC90,38950,32602,N/A,Source.CARFAX
2020,Kia,Sorento,16900,78575,N/A,Source.CARFAX
2021,Nissan,Sentra,18797,14140,N/A,Source.CARFAX
2024,Nissan,Versa,18469,9141,N/A,Source.CARFAX
2021,Toyota,Avalon,25900,59963,N/A,Source.CARFAX
2021,Audi,A5,29998,51789,N/A,Source.CARFAX
2022,Ford,Maverick,29723,11565,N/A,Source.CARFAX
2020,Subaru,Ascent,20699,78253,N/A,Source.CARFAX
2024,Toyota,Corolla Cross,31900,16569,N/A,Source.CARFAX
2023,Ford,Edge,33999,10032,N/A,Source.CARFAX
2021,Audi,A5,29998,51789,N/A,Source.CARFAX
2023,Ford,F-150,44990,12660,N/A,Source.CARFAX
2021,Subaru,Outback,26905,47199,N/A,Source.CARFAX
2023,Hyundai,Santa Fe,34497,3912,N/A,Source.CARFAX
2020,Subaru,Outback,25312,56772,N/A,Source.CARFAX
2024,Hyundai,Santa Cruz,37500,4831,N/A,Source.CARFAX
2022,Nissan,Frontier,34001,36149,N/A,Source.CARFAX
2023,Ford,Bronco Sport,33226,18008,N/A,Source.CARFAX
2020,Kia,Soul,15455,60868,N/A,Source.CARFAX
2021,Chevrolet,Blazer,22099,43951,N/A,Source.CARFAX
2022,Nissan,Sentra,22824,17033,N/A,Source.CARFAX
2023,Ford,Mustang Mach-E,47995,1040,N/A,Source.CARFAX
2021,Nissan,Rogue,26462,60456,N/A,Source.CARFAX
2023,Toyota,RAV4,29872,20085,N/A,Source.CARFAX
2022,Kia,Forte,19889,2250,N/A,Source.CARFAX
2022,Kia,K5,27800,20001,N/A,Source.CARFAX
2021,Nissan,Rogue,25108,31472,N/A,Source.CARFAX
2023,Mazda,CX-5,27091,21448,N/A,Source.CARFAX
2022,Toyota,RAV4,34748,28639,N/A,Source.CARFAX
2023,Nissan,Pathfinder,39700,15627,N/A,Source.CARFAX
2021,Jaguar,F-Pace,44877,26612,N/A,Source.CARFAX
2022,Kia,Telluride,40989,33469,N/A,Source.CARFAX
2020,Honda,Accord,24869,40983,N/A,Source.CARFAX
2020,Ford,Fusion,13499,69591,N/A,Source.CARFAX
2023,Fisker,Ocean,28064,5853,N/A,Source.CARFAX
2020,Mercedes-Benz,E-Class,34991,55626,N/A,Source.CARFAX
2021,Toyota,4Runner,41825,20299,N/A,Source.CARFAX
2020,Hyundai,Kona,14998,88552,N/A,Source.CARFAX
2020,Audi,Q5,18499,94485,N/A,Source.CARFAX
2021,Audi,S5,43296,35231,N/A,Source.CARFAX
2020,Kia,Soul,12900,106257,N/A,Source.CARFAX
2021,Jeep,Grand Cherokee,28500,40189,N/A,Source.CARFAX
2021,Ford,F-150,38990,25721,N/A,Source.CARFAX
2023,Nissan,Sentra,21988,17949,N/A,Source.CARFAX
2021,Volkswagen,Tiguan,18976,51895,N/A,Source.CARFAX
2022,Kia,Sorento,36000,32555,N/A,Source.CARFAX
2022,Honda,Accord,29622,39237,N/A,Source.CARFAX
2024,Subaru,Outback,32490,7539,N/A,Source.CARFAX
2023,Honda,Pilot,45900,14831,N/A,Source.CARFAX
2023,Nissan,Altima,24135,19426,N/A,Source.CARFAX
2023,Nissan,Frontier,34969,15327,N/A,Source.CARFAX
2021,Volkswagen,Atlas,27479,24568,N/A,Source.CARFAX
2023,Mazda,CX-5,27500,1954,N/A,Source.CARFAX
2021,Chevrolet,Silverado 1500,39999,65395,N/A,Source.CARFAX
2024,Mazda,CX-5,27997,5074,N/A,Source.CARFAX
2021,Toyota,C-HR,22769,47381,N/A,Source.CARFAX
2020,Honda,Civic,16540,122170,N/A,Source.CARFAX
2021,Chevrolet,Silverado 1500,32276,16525,N/A,Source.CARFAX
2022,Dodge,Challenger,41990,19039,N/A,Source.CARFAX
2023,Toyota,RAV4,29886,3921,N/A,Source.CARFAX
2020,Ford,Transit Connect,17500,72985,N/A,Source.CARFAX
2020,Toyota,Tacoma,29291,16673,N/A,Source.CARFAX
2020,Chevrolet,Tahoe,38000,70409,N/A,Source.CARFAX
2020,Hyundai,Santa Fe,22536,71607,N/A,Source.CARFAX
2022,Jeep,Compass,25800,4812,N/A,Source.CARFAX
2021,Chevrolet,Silverado 1500,42979,25840,N/A,Source.CARFAX
2021,Chevrolet,Blazer,31500,23644,N/A,Source.CARFAX
2021,Subaru,Forester,26924,27777,N/A,Source.CARFAX
2022,Chevrolet,Suburban,46687,60729,N/A,Source.CARFAX
2022,Jeep,Wagoneer,45495,67119,N/A,Source.CARFAX
2022,Acura,RDX,34700,21583,N/A,Source.CARFAX
2023,Toyota,Tacoma,36297,3250,N/A,Source.CARFAX
2021,Toyota,Corolla,18988,24503,N/A,Source.CARFAX
2023,Nissan,Maxima,35988,24104,N/A,Source.CARFAX
2023,Volkswagen,Tiguan,26730,12875,N/A,Source.CARFAX
2023,Jeep,Grand Cherokee L,34250,6939,N/A,Source.CARFAX
2023,Jeep,Grand Cherokee,33000,10343,N/A,Source.CARFAX
2023,Jeep,Grand Cherokee L,34550,4099,N/A,Source.CARFAX
2023,Hyundai,Palisade,43700,22401,N/A,Source.CARFAX
2023,Volkswagen,Jetta,22189,6054,N/A,Source.CARFAX
2023,Volkswagen,Taos,23498,18047,N/A,Source.CARFAX
2022,Ram,2500,45000,47632,N/A,Source.CARFAX
2023,Honda,Civic,47451,3678,N/A,Source.CARFAX
2020,Mazda,CX-5,21951,38000,N/A,Source.CARFAX
2024,Honda,Civic,24887,4943,N/A,Source.CARFAX
2022,Jeep,Grand Cherokee,46726,25257,N/A,Source.CARFAX
2024,Chevrolet,Equinox,25497,3208,N/A,Source.CARFAX
2020,Mazda,CX-5,21951,38000,N/A,Source.CARFAX
2022,Ford,Edge,31135,6455,N/A,Source.CARFAX
2024,Subaru,Crosstrek,32022,1333,N/A,Source.CARFAX
2021,Jeep,Grand Cherokee L,32950,27666,N/A,Source.CARFAX
2022,Dodge,Challenger,25500,8084,N/A,Source.CARFAX
2023,Ford,Escape,24968,12175,N/A,Source.CARFAX
2021,Ford,Explorer,28777,15681,N/A,Source.CARFAX
2022,Toyota,RAV4,35900,2260,N/A,Source.CARFAX
2023,Nissan,Rogue,24196,19243,N/A,Source.CARFAX
2023,Ford,Escape,23999,7541,N/A,Source.CARFAX
2022,Ford,F-150,43359,12805,N/A,Source.CARFAX
2023,Chevrolet,TrailBlazer,23000,19610,N/A,Source.CARFAX
2021,BMW,X1,26320,45441,N/A,Source.CARFAX
2022,Jeep,Compass,22926,18541,N/A,Source.CARFAX
2024,Hyundai,Tucson,23980,10449,N/A,Source.CARFAX
2022,Nissan,Frontier,29331,21072,N/A,Source.CARFAX
2021,Mazda,CX-9,27997,39144,N/A,Source.CARFAX
2020,Chevrolet,Equinox,20888,20029,N/A,Source.CARFAX
2021,Chevrolet,Blazer,24716,23753,N/A,Source.CARFAX
2022,Toyota,Tacoma,30054,25225,N/A,Source.CARFAX
2022,Ford,Ranger,34370,25342,N/A,Source.CARFAX
2022,Acura,MDX,38777,42537,N/A,Source.CARFAX
2021,Volvo,XC60,31895,32660,N/A,Source.CARFAX
2023,Nissan,Armada,44750,10328,N/A,Source.CARFAX
2023,Jeep,Renegade,24500,5784,N/A,Source.CARFAX
2022,Jeep,Compass,22926,18541,N/A,Source.CARFAX
2020,Acura,MDX,29244,36000,N/A,Source.CARFAX
2024,Kia,Sportage,28600,11616,N/A,Source.CARFAX
2023,Nissan,Altima,24800,1445,N/A,Source.CARFAX
2021,Mercedes-Benz,GLE,39137,43052,N/A,Source.CARFAX
2024,Ram,2500,49900,4150,N/A,Source.CARFAX
2021,Mazda,CX-9,27997,39144,N/A,Source.CARFAX
2022,Kia,Seltos,21400,16718,N/A,Source.CARFAX
2021,Subaru,Crosstrek,27199,19526,N/A,Source.CARFAX
2023,Nissan,Sentra,23100,9260,N/A,Source.CARFAX
2024,Jeep,Grand Cherokee L,41799,1429,N/A,Source.CARFAX
2023,Honda,Ridgeline,34496,10263,N/A,Source.CARFAX
2021,Volkswagen,Tiguan,20777,55587,N/A,Source.CARFAX
2022,Toyota,Corolla,21089,3354,N/A,Source.CARFAX
2023,Kia,Carnival,31651,33663,N/A,Source.CARFAX
2021,Subaru,Crosstrek,22497,55621,N/A,Source.CARFAX
2022,Ford,Ranger,35463,21621,N/A,Source.CARFAX
2024,Honda,Accord,26988,2282,N/A,Source.CARFAX
2023,Subaru,Ascent,38199,20018,N/A,Source.CARFAX
2020,Ford,F-150,35272,54740,N/A,Source.CARFAX
2023,Ford,Edge,30000,16381,N/A,Source.CARFAX
2022,Dodge,Challenger,25500,8084,N/A,Source.CARFAX
2022,Ram,1500,38636,49110,N/A,Source.CARFAX
2021,Mercedes-Benz,GLE,39137,43052,N/A,Source.CARFAX
2024,Ram,2500,49900,4150,N/A,Source.CARFAX
2022,Toyota,Corolla,21089,3354,N/A,Source.CARFAX
2024,Volvo,S60,43995,3343,N/A,Source.CARFAX
2023,Honda,Ridgeline,34496,10263,N/A,Source.CARFAX
2023,Nissan,Armada,41979,15119,N/A,Source.CARFAX
2022,Ford,Mustang,27490,6128,N/A,Source.CARFAX
2022,Chevrolet,Blazer,29367,15290,N/A,Source.CARFAX
2023,Mazda,CX-30,25923,7840,N/A,Source.CARFAX
2022,Ram,1500,39794,15402,N/A,Source.CARFAX
2021,Nissan,Versa,16655,18964,N/A,Source.CARFAX
2021,Ford,Bronco Sport,25430,30992,N/A,Source.CARFAX
2021,Ford,Bronco Sport,25315,32832,N/A,Source.CARFAX
2021,Ford,Bronco Sport,24264,13617,N/A,Source.CARFAX
2022,Buick,Envision,30220,35681,N/A,Source.CARFAX
2021,GMC,Sierra 1500,48966,21711,N/A,Source.CARFAX
2023,Nissan,Altima,28800,13777,N/A,Source.CARFAX
2020,Nissan,Pathfinder,20933,62095,N/A,Source.CARFAX
2023,Hyundai,Palisade,43630,14107,N/A,Source.CARFAX
2021,Subaru,Legacy,26900,22714,N/A,Source.CARFAX
2022,Nissan,Kicks,18979,30865,N/A,Source.CARFAX
2020,Nissan,Murano,17106,64729,N/A,Source.CARFAX
2021,Dodge,Challenger,37000,15539,N/A,Source.CARFAX
2021,Honda,Civic,15907,89202,N/A,Source.CARFAX
2021,Honda,HR-V,17790,51548,N/A,Source.CARFAX
2020,Kia,Telluride,22489,90265,N/A,Source.CARFAX
2022,Ram,1500,24695,42219,N/A,Source.CARFAX
2023,Honda,CR-V,29999,19292,N/A,Source.CARFAX
2022,Hyundai,Palisade,39500,9858,N/A,Source.CARFAX
2021,Kia,Forte,18480,43459,N/A,Source.CARFAX
2024,Toyota,Camry,24734,3978,N/A,Source.CARFAX
2021,Audi,A4,24987,46119,N/A,Source.CARFAX
2023,Hyundai,Elantra,21500,7339,N/A,Source.CARFAX
2024,Mazda,CX-90,42844,12402,N/A,Source.CARFAX
2022,Toyota,GR Supra,49769,19554,N/A,Source.CARFAX
2020,Chevrolet,Trax,10240,154571,N/A,Source.CARFAX
2020,Mazda,Mazda6,18997,69827,N/A,Source.CARFAX
2024,Toyota,Corolla,23998,2912,N/A,Source.CARFAX
2021,Toyota,Corolla,14379,122894,N/A,Source.CARFAX
2024,Hyundai,Tucson,29920,11155,N/A,Source.CARFAX
2020,Nissan,Murano,20579,23959,N/A,Source.CARFAX
2023,Chevrolet,Camaro,29000,9179,N/A,Source.CARFAX
2021,GMC,Sierra 1500,31035,55190,N/A,Source.CARFAX
2021,Honda,CR-V,25000,34088,N/A,Source.CARFAX
2021,Ford,Bronco Sport,21995,81572,N/A,Source.CARFAX
2020,Lincoln,Nautilus,26532,58068,N/A,Source.CARFAX
2023,Acura,MDX,46998,30026,N/A,Source.CARFAX
2021,Kia,Seltos,17000,24371,N/A,Source.CARFAX
2020,Chevrolet,Trax,14472,68649,N/A,Source.CARFAX
2021,Chevrolet,Blazer,21995,41272,N/A,Source.CARFAX
2021,Chevrolet,Blazer,21995,41272,N/A,Source.CARFAX
2023,Fisker,Ocean,34500,3497,N/A,Source.CARFAX
2020,Chevrolet,Traverse,31990,49986,N/A,Source.CARFAX
2021,BMW,2 Series,25900,44690,N/A,Source.CARFAX
2021,Volvo,XC60,31950,25727,N/A,Source.CARFAX
2022,Ford,Bronco Sport,31532,16471,N/A,Source.CARFAX
2022,Mazda,CX-5,28996,15821,N/A,Source.CARFAX
2020,Jeep,Cherokee,16230,81189,N/A,Source.CARFAX
2022,Subaru,Ascent,33848,30207,N/A,Source.CARFAX
2022,Toyota,Tacoma,32994,27187,N/A,Source.CARFAX
2024,Toyota,Camry,27950,9360,N/A,Source.CARFAX
2023,GMC,Terrain,31500,17411,N/A,Source.CARFAX
2023,Ram,1500,35186,6755,N/A,Source.CARFAX
2020,Chevrolet,Equinox,19500,47397,N/A,Source.CARFAX
2022,Jeep,Grand Cherokee L,44475,27683,N/A,Source.CARFAX
2023,Kia,Forte,19668,6096,N/A,Source.CARFAX
2023,Kia,Stinger,39995,14588,N/A,Source.CARFAX
2023,Nissan,Altima,21822,11088,N/A,Source.CARFAX
2021,Ford,F-150,40764,34783,N/A,Source.CARFAX
2021,Nissan,Rogue,24223,50919,N/A,Source.CARFAX
2021,Nissan,Rogue,18988,41856,N/A,Source.CARFAX
2020,Ram,1500,31980,90408,N/A,Source.CARFAX
2022,Ram,1500,35980,62848,N/A,Source.CARFAX
2023,Ram,1500,41741,6214,N/A,Source.CARFAX
2021,Honda,Pilot,32776,45503,N/A,Source.CARFAX
2021,Ford,F-150,40764,34783,N/A,Source.CARFAX
2023,Nissan,Altima,21822,11088,N/A,Source.CARFAX
2021,Cadillac,XT5,32900,25310,N/A,Source.CARFAX
2022,Nissan,Frontier,25600,42479,N/A,Source.CARFAX
2023,Honda,HR-V,24750,29697,N/A,Source.CARFAX
2021,Ford,F-150,34990,121222,N/A,Source.CARFAX
2023,Jeep,Compass,25968,10840,N/A,Source.CARFAX
2020,Cadillac,XT5,29800,24944,N/A,Source.CARFAX
2021,Jeep,Compass,20664,24344,N/A,Source.CARFAX
2024,Mazda,CX-50,28276,6385,N/A,Source.CARFAX
2022,Toyota,C-HR,26499,5771,N/A,Source.CARFAX
2021,Honda,Pilot,32776,45503,N/A,Source.CARFAX
2023,Mazda,CX-50,27855,12899,N/A,Source.CARFAX
2022,Ford,Bronco Sport,21500,82546,N/A,Source.CARFAX
2020,Ford,F-150,29900,45489,N/A,Source.CARFAX
2021,Jeep,Compass,17754,56337,N/A,Source.CARFAX
2021,Jeep,Compass,17923,54788,N/A,Source.CARFAX
2023,Kia,K5,28301,17588,N/A,Source.CARFAX
2021,Nissan,Rogue,18988,41856,N/A,Source.CARFAX
2020,GMC,Yukon,37996,87402,N/A,Source.CARFAX
2020,GMC,Sierra 1500,41379,79340,N/A,Source.CARFAX
2021,Toyota,Corolla,18660,36475,N/A,Source.CARFAX
2023,Toyota,Tacoma,33000,7910,N/A,Source.CARFAX
2023,Toyota,Tacoma,42977,8675,N/A,Source.CARFAX
2020,Toyota,Camry,23395,79447,N/A,Source.CARFAX
2023,Toyota,Tacoma,42977,8675,N/A,Source.CARFAX
2020,Toyota,Camry,23395,79447,N/A,Source.CARFAX
2022,Jeep,Wrangler,36496,34110,N/A,Source.CARFAX
2024,Ford,Maverick,36600,6019,N/A,Source.CARFAX
2021,Honda,Accord,25492,22945,N/A,Source.CARFAX
2022,Nissan,Frontier,37202,12482,N/A,Source.CARFAX
2020,Ford,Escape,19661,49135,N/A,Source.CARFAX
2021,Volkswagen,Passat,19361,50650,N/A,Source.CARFAX
2021,Nissan,Rogue Sport,22248,22625,N/A,Source.CARFAX
2022,Honda,Accord,30899,36875,N/A,Source.CARFAX
2022,Ford,EcoSport,20990,25119,N/A,Source.CARFAX
2022,Ford,F-150,45757,16533,N/A,Source.CARFAX
2021,Subaru,Ascent,24987,85906,N/A,Source.CARFAX
2020,Kia,Sportage,16219,65104,N/A,Source.CARFAX
2023,Nissan,Pathfinder,36495,19728,N/A,Source.CARFAX
2022,Subaru,Outback,26983,15474,N/A,Source.CARFAX
2023,Subaru,Crosstrek,29496,14377,N/A,Source.CARFAX
2022,Toyota,Camry,30845,23559,N/A,Source.CARFAX
2020,BMW,2 Series,23900,36579,N/A,Source.CARFAX
2023,Ford,Escape,35991,9038,N/A,Source.CARFAX
2023,Chevrolet,TrailBlazer,26035,19720,N/A,Source.CARFAX
2021,Jeep,Renegade,19989,20005,N/A,Source.CARFAX
2024,Chevrolet,Blazer,42191,9060,N/A,Source.CARFAX
2021,Toyota,Tacoma,43489,46110,N/A,Source.CARFAX
2022,Ram,2500,32000,134946,N/A,Source.CARFAX
2021,Nissan,Rogue Sport,21166,37100,N/A,Source.CARFAX
2022,Ford,F-150,45757,16533,N/A,Source.CARFAX
2023,Subaru,Crosstrek,29496,14377,N/A,Source.CARFAX
2023,Jeep,Gladiator,45990,20759,N/A,Source.CARFAX
2021,Subaru,Ascent,24987,85906,N/A,Source.CARFAX
2023,Jeep,Gladiator,45650,22660,N/A,Source.CARFAX
2021,Nissan,Titan,33995,37809,N/A,Source.CARFAX
2021,Kia,Niro,19989,49330,N/A,Source.CARFAX
2023,Buick,Encore GX,23422,7100,N/A,Source.CARFAX
2023,Chevrolet,TrailBlazer,26035,19720,N/A,Source.CARFAX
2021,Subaru,Forester,28897,19199,N/A,Source.CARFAX
2024,Honda,Accord,25826,2345,N/A,Source.CARFAX
2024,Honda,HR-V,24572,2199,N/A,Source.CARFAX
2024,Honda,CR-V,29511,2442,N/A,Source.CARFAX
2024,Nissan,Sentra,19412,2147,N/A,Source.CARFAX
2020,Lincoln,Aviator,48299,19560,N/A,Source.CARFAX
2023,Nissan,Altima,19388,32564,N/A,Source.CARFAX
2022,Dodge,Challenger,41712,9355,N/A,Source.CARFAX
2020,GMC,Terrain,16495,100877,N/A,Source.CARFAX
2024,Toyota,Corolla,24499,3913,N/A,Source.CARFAX
2021,Jeep,Renegade,18000,47676,N/A,Source.CARFAX
2020,GMC,Terrain,17544,95851,N/A,Source.CARFAX
2020,Ram,1500,21950,167610,N/A,Source.CARFAX
2021,Honda,Ridgeline,28998,48220,N/A,Source.CARFAX
2022,Dodge,Challenger,42819,12740,N/A,Source.CARFAX
2023,Chevrolet,Silverado 1500,45891,27336,N/A,Source.CARFAX
2023,Toyota,Prius,33334,10677,N/A,Source.CARFAX
2021,Cadillac,XT6,33728,45910,N/A,Source.CARFAX
2023,Hyundai,Palisade,45900,11164,N/A,Source.CARFAX
2021,Honda,Ridgeline,28998,48220,N/A,Source.CARFAX
2020,Kia,Soul,11920,83282,N/A,Source.CARFAX
2020,Honda,Odyssey,27000,75991,N/A,Source.CARFAX
2022,Dodge,Challenger,42819,12740,N/A,Source.CARFAX
2023,Jeep,Wrangler,32838,13908,N/A,Source.CARFAX
2023,Ford,Explorer,35500,15822,N/A,Source.CARFAX
2020,GMC,Acadia,18496,110393,N/A,Source.CARFAX
2022,Chrysler,Pacifica,23494,66923,N/A,Source.CARFAX
2021,Ford,F-150,38759,81834,N/A,Source.CARFAX
2024,Audi,Q5,44398,4419,N/A,Source.CARFAX
2021,Chevrolet,Blazer,21802,63321,N/A,Source.CARFAX
2023,Jeep,Compass,26485,3984,N/A,Source.CARFAX
2020,Kia,Rio,8122,126634,N/A,Source.CARFAX
2020,Ford,Edge,18000,75819,N/A,Source.CARFAX
2021,Jeep,Gladiator,29500,44759,N/A,Source.CARFAX
2023,Buick,Envision,28200,15222,N/A,Source.CARFAX
2024,Audi,Q5,48678,2428,N/A,Source.CARFAX
2023,Chevrolet,Silverado 1500,39117,47680,N/A,Source.CARFAX
2020,Chevrolet,Blazer,20285,43162,N/A,Source.CARFAX
2023,Jeep,Compass,25285,6067,N/A,Source.CARFAX
2023,Nissan,Altima,24851,23156,N/A,Source.CARFAX
2021,Honda,HR-V,19990,35732,N/A,Source.CARFAX
2022,GMC,Canyon,30900,14818,N/A,Source.CARFAX
2020,Ford,F-150,49988,81154,N/A,Source.CARFAX
2020,Kia,Soul,14996,30257,N/A,Source.CARFAX
2021,Toyota,Tacoma,31990,10714,N/A,Source.CARFAX
2023,Kia,Sportage,26990,14918,N/A,Source.CARFAX
2021,Nissan,Titan,35000,74782,N/A,Source.CARFAX
2021,Chevrolet,TrailBlazer,19995,50400,N/A,Source.CARFAX
2022,Hyundai,Kona,17695,81120,N/A,Source.CARFAX
2021,Mazda,Mazda3,13995,101774,N/A,Source.CARFAX
2021,Toyota,Camry,16495,161361,N/A,Source.CARFAX
2020,Lincoln,Aviator,33267,63272,N/A,Source.CARFAX
2024,Kia,K5,34800,5779,N/A,Source.CARFAX
2021,Infiniti,Q50,22500,72601,N/A,Source.CARFAX
2020,Jeep,Wrangler,25000,80649,N/A,Source.CARFAX
2021,Honda,HR-V,21991,31197,N/A,Source.CARFAX
2020,Mitsubishi,Outlander Sport,16239,61292,N/A,Source.CARFAX
2023,Dodge,Challenger,24189,12514,N/A,Source.CARFAX
2022,GMC,Sierra 1500,40998,18915,N/A,Source.CARFAX
2023,Nissan,Armada,43000,28350,N/A,Source.CARFAX
2020,Alfa Romeo,Stelvio,20169,36815,N/A,Source.CARFAX
2022,Jeep,Grand Cherokee,45550,26281,N/A,Source.CARFAX
2023,Jeep,Grand Cherokee L,34250,6756,N/A,Source.CARFAX
2023,Volkswagen,Atlas,31989,15166,N/A,Source.CARFAX
2022,Ford,F-250,44000,15018,N/A,Source.CARFAX
2020,Ford,Mustang,20499,51569,N/A,Source.CARFAX
2022,Jeep,Grand Cherokee,45550,26281,N/A,Source.CARFAX
2023,Jeep,Grand Cherokee L,34250,6756,N/A,Source.CARFAX
2023,Jeep,Wrangler,32400,30749,N/A,Source.CARFAX
2023,Volkswagen,Atlas,42289,13448,N/A,Source.CARFAX
2021,Chrysler,300,23300,36868,N/A,Source.CARFAX
2022,Hyundai,Tucson,23400,37640,N/A,Source.CARFAX
2021,Volkswagen,Atlas,29266,31919,N/A,Source.CARFAX
2023,Toyota,Venza,32490,36051,N/A,Source.CARFAX
2021,Jeep,Grand Cherokee,26988,46184,N/A,Source.CARFAX
2021,Jeep,Wrangler,43800,23389,N/A,Source.CARFAX
2020,Nissan,Pathfinder,14998,115750,N/A,Source.CARFAX
2021,Ram,1500,26000,121380,N/A,Source.CARFAX
2021,Volkswagen,Atlas,24000,55404,N/A,Source.CARFAX
2022,Acura,MDX,35292,70753,N/A,Source.CARFAX
2020,Ford,F-150,32334,49428,N/A,Source.CARFAX
2023,Volkswagen,Taos,25589,16530,N/A,Source.CARFAX
2021,Chevrolet,Equinox,25300,27392,N/A,Source.CARFAX
2022,Jeep,Wrangler,40300,20140,N/A,Source.CARFAX
2021,Nissan,Versa,16150,14000,N/A,Source.CARFAX
2022,Volvo,XC40,32950,27554,N/A,Source.CARFAX
2024,Hyundai,Santa Cruz,33800,8655,N/A,Source.CARFAX
2021,Chevrolet,Blazer,23888,48642,N/A,Source.CARFAX
2021,GMC,Terrain,23994,23742,N/A,Source.CARFAX
2022,Volvo,XC90,43950,22479,N/A,Source.CARFAX
2024,Hyundai,Santa Cruz,33800,8655,N/A,Source.CARFAX
2022,Volvo,XC40,32950,27554,N/A,Source.CARFAX
2021,Jeep,Gladiator,32988,44488,N/A,Source.CARFAX
2020,Ford,F-150,32334,49428,N/A,Source.CARFAX
2022,Acura,MDX,35292,70753,N/A,Source.CARFAX
2023,Volkswagen,Taos,25589,16530,N/A,Source.CARFAX
2021,GMC,Sierra 1500,45600,54297,N/A,Source.CARFAX
2021,Chevrolet,Equinox,25300,27392,N/A,Source.CARFAX
2020,Ford,Mustang,23995,41311,N/A,Source.CARFAX
2023,Toyota,Tacoma,42500,11561,N/A,Source.CARFAX
2023,Hyundai,Kona,21487,35711,N/A,Source.CARFAX
2023,Nissan,Altima,26142,20182,N/A,Source.CARFAX
2020,Jeep,Gladiator,26837,76421,N/A,Source.CARFAX
2020,Toyota,RAV4,21444,68490,N/A,Source.CARFAX
2021,Honda,HR-V,21998,18213,N/A,Source.CARFAX
2021,Chevrolet,Colorado,20499,131312,N/A,Source.CARFAX
2022,Ford,Transit,39995,61010,N/A,Source.CARFAX
2021,GMC,Terrain,18495,86023,N/A,Source.CARFAX
2021,Lexus,IS,37987,29224,N/A,Source.CARFAX
2023,Lincoln,Nautilus,37588,17929,N/A,Source.CARFAX
2022,Chevrolet,Silverado 1500,44676,49850,N/A,Source.CARFAX
2022,Honda,Civic,23529,55861,N/A,Source.CARFAX
2022,Nissan,Frontier,31575,26703,N/A,Source.CARFAX
2023,Nissan,Kicks,19323,9725,N/A,Source.CARFAX
2023,Nissan,Kicks,19698,11549,N/A,Source.CARFAX
2023,Honda,Odyssey,36943,30957,N/A,Source.CARFAX
2021,Kia,Forte,15135,57141,N/A,Source.CARFAX
2023,Ford,Escape,25541,6464,N/A,Source.CARFAX
2022,Nissan,Sentra,20990,17373,N/A,Source.CARFAX
2022,Toyota,Corolla Cross,25860,22129,N/A,Source.CARFAX
2024,Ram,1500,49496,28725,N/A,Source.CARFAX
2022,Nissan,Sentra,18404,34288,N/A,Source.CARFAX
2020,Toyota,C-HR,21077,42554,N/A,Source.CARFAX
2021,BMW,3 Series,29896,28147,N/A,Source.CARFAX
2021,Hyundai,Santa Fe,24697,37231,N/A,Source.CARFAX
2023,Hyundai,Ioniq 6,32998,7867,N/A,Source.CARFAX
2022,Dodge,Charger,28477,18838,N/A,Source.CARFAX
2022,Hyundai,Venue,19487,31001,N/A,Source.CARFAX
2023,Subaru,Crosstrek,26987,23323,N/A,Source.CARFAX
2024,Honda,Civic,27951,6725,N/A,Source.CARFAX
2020,Toyota,Tacoma,32899,69241,N/A,Source.CARFAX
2021,Toyota,RAV4,28997,23079,N/A,Source.CARFAX
2022,Ford,F-150,48900,25187,N/A,Source.CARFAX
2021,Mazda,CX-5,23499,15846,N/A,Source.CARFAX
2021,Ram,2500,39450,48375,N/A,Source.CARFAX
2024,Hyundai,Kona,25500,5431,N/A,Source.CARFAX
2021,Nissan,Altima,16735,73394,N/A,Source.CARFAX
2020,GMC,Sierra 1500,28885,123773,N/A,Source.CARFAX
2020,Jeep,Compass,17935,38086,N/A,Source.CARFAX
2021,Mazda,CX-30,18398,59444,N/A,Source.CARFAX
2022,Buick,Envision,28200,25969,N/A,Source.CARFAX
2022,Ford,Bronco,47457,2169,N/A,Source.CARFAX
2021,Volvo,S60,31700,31477,N/A,Source.CARFAX
2022,Kia,Sportage,22518,27138,N/A,Source.CARFAX
2024,Nissan,Frontier,35140,6029,N/A,Source.CARFAX
2022,Nissan,Pathfinder,37900,38045,N/A,Source.CARFAX
2022,Ram,1500,45780,25839,N/A,Source.CARFAX
2021,Chevrolet,TrailBlazer,20762,55968,N/A,Source.CARFAX
2021,Chevrolet,Silverado 1500,34997,92241,N/A,Source.CARFAX
2023,Nissan,Pathfinder,38058,12174,N/A,Source.CARFAX
2021,Ford,F-150,42395,46011,N/A,Source.CARFAX
2022,Ford,Explorer,24998,81677,N/A,Source.CARFAX
2023,Acura,MDX,48795,18192,N/A,Source.CARFAX
2023,Toyota,Tundra,46550,31206,N/A,Source.CARFAX
2022,Toyota,Camry,26998,8497,N/A,Source.CARFAX
2022,Hyundai,Santa Fe,21990,35900,N/A,Source.CARFAX
2022,Jeep,Wagoneer,46995,45648,N/A,Source.CARFAX
2022,Lexus,RX,44665,32581,N/A,Source.CARFAX
2023,Toyota,Venza,28991,30893,N/A,Source.CARFAX
2023,Chevrolet,Colorado,33500,22522,N/A,Source.CARFAX
2021,Chevrolet,Silverado 1500,36999,39674,N/A,Source.CARFAX
2021,Cadillac,XT5,33996,18720,N/A,Source.CARFAX
2024,Subaru,Outback,32208,20220,N/A,Source.CARFAX
2023,Nissan,Kicks,20504,2485,N/A,Source.CARFAX
2021,Ford,Escape,19659,30748,N/A,Source.CARFAX
2021,Ford,Escape,19659,30748,N/A,Source.CARFAX
2020,Kia,Forte,14495,64608,N/A,Source.CARFAX
2021,Chevrolet,Silverado 1500,33962,30803,N/A,Source.CARFAX
2022,Volkswagen,Atlas,25887,62366,N/A,Source.CARFAX
2022,Ford,F-150,49281,24182,N/A,Source.CARFAX
2022,Nissan,Altima,22013,22830,N/A,Source.CARFAX
2022,Nissan,Murano,26971,55526,N/A,Source.CARFAX
2021,Jeep,Compass,20029,23109,N/A,Source.CARFAX
2023,GMC,Acadia,40645,17800,N/A,Source.CARFAX
2021,Chevrolet,TrailBlazer,20762,55968,N/A,Source.CARFAX
2022,Ram,1500,45780,25839,N/A,Source.CARFAX
2021,Nissan,Kicks,20990,2333,N/A,Source.CARFAX
2022,Ram,1500,33440,39367,N/A,Source.CARFAX
2022,Alfa Romeo,Stelvio,27800,20319,N/A,Source.CARFAX
2021,Jeep,Grand Cherokee,26499,34816,N/A,Source.CARFAX
2021,GMC,Acadia,28900,48531,N/A,Source.CARFAX
2021,Ram,1500,33171,27693,N/A,Source.CARFAX
2024,Cadillac,Lyriq,44999,11331,N/A,Source.CARFAX
2023,Nissan,Altima,26895,4760,N/A,Source.CARFAX
2022,Nissan,Sentra,18832,50122,N/A,Source.CARFAX
2021,BMW,3 Series,29788,11669,N/A,Source.CARFAX
2023,Chevrolet,Silverado 1500,40285,4275,N/A,Source.CARFAX
2023,Jeep,Grand Cherokee,32988,8900,N/A,Source.CARFAX
2021,Lexus,NX,30897,33228,N/A,Source.CARFAX
2023,Hyundai,Santa Fe,32920,14032,N/A,Source.CARFAX
2023,Hyundai,Palisade,44499,19379,N/A,Source.CARFAX
2021,Ford,Explorer,26947,61187,N/A,Source.CARFAX
2020,Toyota,Corolla,15219,74015,N/A,Source.CARFAX
2020,Hyundai,Elantra,13874,57514,N/A,Source.CARFAX
2021,Chevrolet,Colorado,23500,93849,N/A,Source.CARFAX
2023,Ford,F-150,42184,8568,N/A,Source.CARFAX
2021,Nissan,Sentra,15977,73876,N/A,Source.CARFAX
2023,Jeep,Gladiator,45263,3342,N/A,Source.CARFAX
2022,Volkswagen,Tiguan,21000,39926,N/A,Source.CARFAX
2021,Toyota,Camry,20886,47734,N/A,Source.CARFAX
2021,Lexus,IS,37650,23940,N/A,Source.CARFAX
2023,Hyundai,Elantra,16972,41179,N/A,Source.CARFAX
2021,Land Rover,Range Rover Evoque,31979,35634,N/A,Source.CARFAX
2020,Kia,Telluride,21872,95759,N/A,Source.CARFAX
2024,Mazda,CX-30,27177,6429,N/A,Source.CARFAX
2021,Toyota,Tacoma,31767,27562,N/A,Source.CARFAX
2024,Hyundai,Kona,25868,6213,N/A,Source.CARFAX
2020,Volkswagen,Jetta,12495,106091,N/A,Source.CARFAX
2021,Honda,Accord,26217,30474,N/A,Source.CARFAX
2021,Hyundai,Sonata,24000,32701,N/A,Source.CARFAX
2021,Lincoln,Aviator,43088,41683,N/A,Source.CARFAX
2023,Chevrolet,TrailBlazer,24997,14568,N/A,Source.CARFAX
2023,Jeep,Grand Cherokee L,37000,6839,N/A,Source.CARFAX
2024,Volkswagen,Taos,27360,9777,N/A,Source.CARFAX
2024,Volkswagen,Taos,27355,5508,N/A,Source.CARFAX
2023,Chevrolet,TrailBlazer,24997,14568,N/A,Source.CARFAX
2021,Toyota,Tacoma,29890,69334,N/A,Source.CARFAX
2023,Toyota,Tacoma,42999,10068,N/A,Source.CARFAX
2024,Honda,Civic,27215,7614,N/A,Source.CARFAX
2020,Jeep,Gladiator,40000,26345,N/A,Source.CARFAX
2022,Nissan,Sentra,10800,164000,N/A,Source.CARFAX
2022,GMC,Sierra 1500,38200,98425,N/A,Source.CARFAX
2022,Hyundai,Palisade,36791,20400,N/A,Source.CARFAX
2021,Volkswagen,Tiguan,23448,35360,N/A,Source.CARFAX
2022,Ram,1500,33400,48112,N/A,Source.CARFAX
2022,Ford,Explorer,27998,40282,N/A,Source.CARFAX
2022,Ford,Expedition,44789,59880,N/A,Source.CARFAX
2022,Jeep,Compass,27000,3069,N/A,Source.CARFAX
2021,Cadillac,XT6,33602,49328,N/A,Source.CARFAX
2022,Dodge,Durango,36270,45338,N/A,Source.CARFAX
2023,Nissan,Sentra,19120,17390,N/A,Source.CARFAX
2022,Subaru,Outback,28555,15761,N/A,Source.CARFAX
2022,Volvo,XC60,25107,86806,N/A,Source.CARFAX
2021,Lincoln,Nautilus,37498,29286,N/A,Source.CARFAX
2022,Nissan,Frontier,29998,5794,N/A,Source.CARFAX
2022,Mitsubishi,Eclipse Cross,19994,61912,N/A,Source.CARFAX
2022,Hyundai,Tucson,23996,11167,N/A,Source.CARFAX
2020,Lexus,IS,25300,54507,N/A,Source.CARFAX
2023,Chevrolet,Equinox,20987,18369,N/A,Source.CARFAX
2020,Volvo,XC40,25400,41543,N/A,Source.CARFAX
2021,Subaru,Impreza,20555,52822,N/A,Source.CARFAX
2022,Nissan,Frontier,29998,5794,N/A,Source.CARFAX
2022,Volvo,XC60,25107,86806,N/A,Source.CARFAX
2020,Mazda,CX-5,20189,42034,N/A,Source.CARFAX
2020,Honda,Civic,17256,83829,N/A,Source.CARFAX
2022,Subaru,Forester,27955,27198,N/A,Source.CARFAX
2023,Hyundai,Santa Fe,29000,3361,N/A,Source.CARFAX
2020,Ram,ProMaster City,16995,95000,N/A,Source.CARFAX
2024,Hyundai,Tucson,32000,4840,N/A,Source.CARFAX
2024,Hyundai,Tucson,31469,5273,N/A,Source.CARFAX
2021,Dodge,Durango,20000,106479,N/A,Source.CARFAX
2023,Jeep,Renegade,24495,6093,N/A,Source.CARFAX
2022,Jeep,Grand Cherokee,36197,33124,N/A,Source.CARFAX
2023,Jeep,Compass,26450,10645,N/A,Source.CARFAX
2020,Honda,Civic,17900,39309,N/A,Source.CARFAX
2023,Jeep,Compass,24990,8977,N/A,Source.CARFAX
2020,Toyota,Corolla,13000,34175,N/A,Source.CARFAX
2021,Kia,Seltos,16240,74158,N/A,Source.CARFAX
2023,Chevrolet,Express,36200,46966,N/A,Source.CARFAX
2021,Chevrolet,Colorado,25975,85967,N/A,Source.CARFAX
2022,Chrysler,Pacifica,24802,61669,N/A,Source.CARFAX
2020,Honda,CR-V,21600,91815,N/A,Source.CARFAX
2020,Subaru,Outback,21800,71570,N/A,Source.CARFAX
2021,Buick,Enclave,30911,20741,N/A,Source.CARFAX
2022,GMC,Terrain,22355,55437,N/A,Source.CARFAX
2023,Honda,Civic,25100,17672,N/A,Source.CARFAX
2022,Toyota,Camry,27988,44346,N/A,Source.CARFAX
2022,Chevrolet,Silverado 1500,27500,106632,N/A,Source.CARFAX
2024,Volkswagen,Tiguan,29460,3605,N/A,Source.CARFAX
2022,Chrysler,Pacifica,25303,55982,N/A,Source.CARFAX
2023,Hyundai,Palisade,41500,23148,N/A,Source.CARFAX
2020,Honda,CR-V,21600,91815,N/A,Source.CARFAX
2022,Volkswagen,Atlas,29789,53869,N/A,Source.CARFAX
2022,Volkswagen,Atlas,36603,22807,N/A,Source.CARFAX
2022,Chrysler,Pacifica,24802,61669,N/A,Source.CARFAX
2020,Chevrolet,Equinox,15399,89264,N/A,Source.CARFAX
2020,Subaru,Outback,21800,71570,N/A,Source.CARFAX
2022,GMC,Acadia,35900,34318,N/A,Source.CARFAX
2021,Jeep,Grand Cherokee,23800,56208,N/A,Source.CARFAX
2020,Ford,EcoSport,14900,35882,N/A,Source.CARFAX
2023,Volkswagen,Jetta,21489,12735,N/A,Source.CARFAX
2023,Chevrolet,Malibu,21800,30463,N/A,Source.CARFAX
2020,Dodge,Durango,19495,123000,N/A,Source.CARFAX
2020,GMC,Sierra 1500,39997,100868,N/A,Source.CARFAX
2023,Jeep,Gladiator,34588,37379,N/A,Source.CARFAX
2020,BMW,5 Series,31600,38959,N/A,Source.CARFAX
2021,Ford,F-150,29500,63900,N/A,Source.CARFAX
2020,Ford,F-450,41900,160837,N/A,Source.CARFAX
2020,Mazda,CX-5,22974,20520,N/A,Source.CARFAX
2022,Honda,Accord,32502,15904,N/A,Source.CARFAX
2020,Mazda,CX-5,22974,20520,N/A,Source.CARFAX
2021,Lexus,RX,39389,28496,N/A,Source.CARFAX
2022,Ford,F-150,44412,25750,N/A,Source.CARFAX
2020,Lincoln,MKZ,26361,20565,N/A,Source.CARFAX
2021,Hyundai,Sonata,18980,42683,N/A,Source.CARFAX
2022,Dodge,Challenger,27000,11129,N/A,Source.CARFAX
2023,Infiniti,Q50,38500,10147,N/A,Source.CARFAX
2021,Toyota,Camry,22999,30426,N/A,Source.CARFAX
2023,Mini,Cooper Clubman,25952,25700,N/A,Source.CARFAX
2021,Ford,Bronco Sport,25926,28115,N/A,Source.CARFAX
2023,Kia,Sportage,25372,12138,N/A,Source.CARFAX
2022,Hyundai,Palisade,40990,18501,N/A,Source.CARFAX
2020,Toyota,Tacoma,29586,24030,N/A,Source.CARFAX
2023,Mitsubishi,Outlander,28389,15328,N/A,Source.CARFAX
2023,Subaru,Ascent,37267,7017,N/A,Source.CARFAX
2022,Chevrolet,Silverado 1500,47992,12392,N/A,Source.CARFAX
2022,Honda,Pilot,30374,34916,N/A,Source.CARFAX
2021,Volvo,V60,33811,30633,N/A,Source.CARFAX
2022,Nissan,Frontier,35790,11121,N/A,Source.CARFAX
2021,Mazda,CX-5,23488,46123,N/A,Source.CARFAX
2023,Kia,Telluride,38042,14401,N/A,Source.CARFAX
2022,Toyota,Corolla,20996,25473,N/A,Source.CARFAX
2022,Mercedes-Benz,GLA,29999,29898,N/A,Source.CARFAX
2023,Honda,Civic,25488,13319,N/A,Source.CARFAX
2022,Genesis,G70,31825,36812,N/A,Source.CARFAX
2020,Jeep,Cherokee,21797,40710,N/A,Source.CARFAX
2020,Toyota,Tacoma,29586,24030,N/A,Source.CARFAX
2023,Mini,Cooper Clubman,25952,25700,N/A,Source.CARFAX
2020,Ford,F-150,29925,38828,N/A,Source.CARFAX
2023,Kia,Rio,15650,28425,N/A,Source.CARFAX
2021,Honda,HR-V,23928,18868,N/A,Source.CARFAX
2023,Cadillac,XT6,44998,30636,N/A,Source.CARFAX
2021,Toyota,RAV4,26750,27082,N/A,Source.CARFAX
2021,Toyota,4Runner,39990,49798,N/A,Source.CARFAX
2022,Chevrolet,Traverse,34554,48776,N/A,Source.CARFAX
2021,Toyota,RAV4,28300,26923,N/A,Source.CARFAX
2023,Dodge,Challenger,30948,4922,N/A,Source.CARFAX
2021,Volvo,XC40,33450,13627,N/A,Source.CARFAX
2020,Chevrolet,Equinox,20300,29716,N/A,Source.CARFAX
2021,Honda,HR-V,19924,47328,N/A,Source.CARFAX
2020,Hyundai,Santa Fe,24803,35889,N/A,Source.CARFAX
2022,Jeep,Wrangler,29972,22438,N/A,Source.CARFAX
2022,Volvo,XC60,33950,42927,N/A,Source.CARFAX
2021,Volvo,XC40,30950,23260,N/A,Source.CARFAX
2021,Jeep,Renegade,19027,35134,N/A,Source.CARFAX
2023,Chevrolet,Silverado 1500,45498,4545,N/A,Source.CARFAX
2023,Volkswagen,Taos,24789,13928,N/A,Source.CARFAX
2021,Subaru,Forester,25769,29108,N/A,Source.CARFAX
2022,Hyundai,Santa Fe,30540,35473,N/A,Source.CARFAX
2023,Toyota,Tacoma,42358,21086,N/A,Source.CARFAX
